model,expected_return,volatility,sharpe,l1,time
equal_weight,0.06743918086329288,0.060585383927791524,0.7830136212363216,1.0,0.0
mean_variance,0.08511578192335705,0.05456125162549512,1.193443698291739,1.0000000000000002,0.0
neuro_ant_sharpe,0.06743918086329288,0.060585383927791524,0.7830136212363216,1.0,2.1924959419999936
neuro_ant_cvar,0.06743918086329288,0.060585383927791524,0.7830136212363216,1.0,2.115041628
